{"stats":{"minecraft:killed_by":{"minecraft:player":1,"minecraft:skeleton":1,"minecraft:zombie":1},"minecraft:broken":{"minecraft:golden_hoe":1,"minecraft:golden_pickaxe":1},"minecraft:picked_up":{"minecraft:crafting_table":6,"minecraft:chicken":1,"minecraft:wooden_pickaxe":1,"minecraft:potion":1,"minecraft:string":4,"minecraft:spruce_planks":40,"minecraft:beef":19,"minecraft:white_tulip":1,"minecraft:poppy":2,"minecraft:birch_sapling":19,"minecraft:furnace":1,"minecraft:stick":27,"minecraft:torch":1,"minecraft:porkchop":9,"minecraft:stone_sword":1,"minecraft:arrow":3,"minecraft:rotten_flesh":11,"minecraft:stone_shovel":1,"minecraft:peony":2,"minecraft:hay_block":17,"minecraft:gold_ingot":7,"minecraft:mutton":7,"minecraft:cobblestone":109,"minecraft:white_wool":4,"minecraft:oxeye_daisy":1,"biomesoplenty:lavender":23,"minecraft:birch_log":34,"minecraft:cooked_beef":1,"minecraft:leather":6,"minecraft:oak_log":15,"minecraft:yellow_bed":6,"minecraft:dirt":117,"minecraft:bone":5,"minecraft:wheat_seeds":21,"blue_skies:lunar_stonebrick":2,"minecraft:stone_pickaxe":1,"minecraft:dark_oak_sign":3,"biomesoplenty:toadstool":2,"minecraft:dandelion":4,"minecraft:spruce_sapling":5,"minecraft:blast_furnace":8,"minecraft:spruce_log":13,"minecraft:cyan_bed":2,"minecraft:stone_axe":1,"minecraft:painting":2,"minecraft:oak_sapling":4,"minecraft:coal":43},"minecraft:dropped":{"minecraft:bread":2,"minecraft:wheat_seeds":21,"minecraft:purple_dye":23,"minecraft:stick":15,"minecraft:oxeye_daisy":1,"minecraft:torch":12,"minecraft:white_wool":4,"minecraft:dandelion":4,"minecraft:white_tulip":1,"minecraft:spyglass":1,"alexsmobs:animal_dictionary":1,"minecraft:dark_oak_sign":1,"minecraft:birch_sapling":16,"minecraft:rotten_flesh":8,"minecraft:poppy":2,"minecraft:yellow_bed":1,"minecraft:oak_sapling":4,"minecraft:arrow":3},"minecraft:killed":{"minecraft:spider":1,"minecraft:skeleton":2,"minecraft:chicken":1,"minecraft:husk":2,"minecraft:pig":5,"alexsmobs:skunk":1,"minecraft:sheep":4,"minecraft:zombie":11,"minecraft:cow":9},"minecraft:mined":{"biomesoplenty:bush":2,"minecraft:grass_block":28,"minecraft:spruce_leaves":1,"minecraft:oxeye_daisy":1,"minecraft:spawner":2,"minecraft:large_fern":1,"minecraft:hay_block":17,"minecraft:furnace":1,"biomesoplenty:toadstool":2,"minecraft:fire":2,"biomesoplenty:lavender":25,"treechop:chopped_log":11,"blue_skies:lunar_stonebrick":2,"minecraft:peony":1,"minecraft:stone":104,"minecraft:dandelion":5,"minecraft:crafting_table":6,"minecraft:blast_furnace":8,"minecraft:poppy":2,"minecraft:tall_grass":10,"biomesoplenty:huge_clover_petal":1,"minecraft:cyan_bed":2,"minecraft:wall_torch":1,"minecraft:birch_leaves":3,"biomesoplenty:maple_leaves":8,"minecraft:yellow_bed":5,"minecraft:grass":195,"biomesoplenty:clover":4,"minecraft:coal_ore":43,"minecraft:dirt":31,"minecraft:oak_leaves":5,"minecraft:fern":2},"minecraft:custom":{"minecraft:mob_kills":38,"minecraft:animals_bred":1,"minecraft:interact_with_crafting_table":13,"minecraft:open_barrel":1,"minecraft:leave_game":8,"minecraft:time_since_death":62696,"minecraft:climb_one_cm":2141,"minecraft:sprint_one_cm":194996,"minecraft:walk_one_cm":318209,"minecraft:damage_blocked_by_shield":450,"minecraft:drop":59,"minecraft:play_noteblock":21,"minecraft:damage_dealt_absorbed":27,"minecraft:talked_to_villager":3,"minecraft:play_time":167777,"minecraft:deaths":4,"minecraft:sneak_time":5169,"minecraft:walk_under_water_one_cm":715,"minecraft:jump":1379,"minecraft:interact_with_blast_furnace":1,"minecraft:walk_on_water_one_cm":120,"minecraft:total_world_time":167777,"minecraft:interact_with_furnace":12,"minecraft:traded_with_villager":1,"minecraft:tune_noteblock":15,"minecraft:sleep_in_bed":3,"minecraft:time_since_rest":14252,"minecraft:waystone_activated":1,"minecraft:damage_taken":2031,"minecraft:damage_dealt":6181,"minecraft:swim_one_cm":753,"minecraft:fly_one_cm":250244,"minecraft:player_kills":1,"minecraft:open_chest":5,"minecraft:crouch_one_cm":16096,"minecraft:fall_one_cm":73760},"minecraft:used":{"minecraft:peony":1,"minecraft:stone_sword":133,"minecraft:stone_shovel":8,"minecraft:shield":13,"minecraft:stone_hoe":19,"minecraft:rotten_flesh":1,"minecraft:torch":1,"minecraft:dirt":50,"minecraft:spyglass":2,"blue_skies:lunar_stonebrick":2,"minecraft:birch_sapling":3,"minecraft:furnace":2,"minecraft:cooked_beef":4,"minecraft:stone_pickaxe":61,"minecraft:wooden_pickaxe":20,"minecraft:golden_hoe":189,"minecraft:crafting_table":10,"minecraft:painting":2,"minecraft:bread":15,"biomesoplenty:toadstool":2,"minecraft:golden_helmet":1,"minecraft:stone_axe":27,"minecraft:cobblestone":11,"minecraft:yellow_bed":4,"minecraft:golden_pickaxe":79},"minecraft:crafted":{"minecraft:oak_planks":60,"minecraft:stone_shovel":1,"minecraft:furnace":2,"minecraft:stone_pickaxe":1,"minecraft:stone_hoe":1,"minecraft:wheat":153,"minecraft:cooked_beef":13,"blue_skies:blue_journal":1,"minecraft:crafting_table":4,"minecraft:spruce_planks":52,"minecraft:wooden_pickaxe":1,"minecraft:birch_planks":88,"minecraft:stone_axe":1,"minecraft:bread":51,"minecraft:air":0,"minecraft:charcoal":6,"minecraft:purple_dye":23,"minecraft:shield":1,"minecraft:stick":48,"minecraft:stone_sword":1,"minecraft:torch":32}},"DataVersion":3465}