{"stats":{"minecraft:used":{"minecraft:peony":1,"minecraft:stone_sword":60,"minecraft:stone_pickaxe":8,"minecraft:stone_shovel":8,"minecraft:wooden_pickaxe":20,"minecraft:stone_hoe":19,"minecraft:rotten_flesh":1,"minecraft:torch":1,"minecraft:golden_hoe":189,"minecraft:dirt":26,"minecraft:spyglass":2,"minecraft:crafting_table":8,"blue_skies:lunar_stonebrick":2,"minecraft:bread":5,"minecraft:birch_sapling":3,"biomesoplenty:toadstool":2,"minecraft:golden_helmet":1,"minecraft:stone_axe":27,"minecraft:cobblestone":4,"minecraft:furnace":2,"minecraft:yellow_bed":1,"minecraft:cooked_beef":3,"minecraft:golden_pickaxe":79},"minecraft:killed":{"minecraft:pig":5,"alexsmobs:skunk":1,"minecraft:spider":1,"minecraft:sheep":1,"minecraft:zombie":7,"minecraft:cow":9},"minecraft:mined":{"minecraft:dandelion":5,"minecraft:crafting_table":5,"biomesoplenty:bush":2,"minecraft:grass_block":28,"minecraft:poppy":2,"minecraft:tall_grass":10,"biomesoplenty:huge_clover_petal":1,"minecraft:oxeye_daisy":1,"minecraft:wall_torch":1,"minecraft:hay_block":17,"minecraft:furnace":1,"biomesoplenty:toadstool":2,"minecraft:fire":2,"biomesoplenty:lavender":25,"minecraft:birch_leaves":3,"treechop:chopped_log":11,"blue_skies:lunar_stonebrick":2,"minecraft:yellow_bed":3,"minecraft:peony":1,"minecraft:grass":194,"biomesoplenty:clover":3,"minecraft:coal_ore":2,"minecraft:dirt":29,"minecraft:stone":102,"minecraft:oak_leaves":5},"minecraft:killed_by":{"minecraft:player":1,"minecraft:skeleton":1,"minecraft:zombie":1},"minecraft:broken":{"minecraft:golden_hoe":1,"minecraft:golden_pickaxe":1},"minecraft:crafted":{"minecraft:cooked_beef":13,"blue_skies:blue_journal":1,"minecraft:oak_planks":60,"minecraft:stone_shovel":1,"minecraft:crafting_table":4,"minecraft:spruce_planks":52,"minecraft:wooden_pickaxe":1,"minecraft:furnace":2,"minecraft:birch_planks":88,"minecraft:stone_axe":1,"minecraft:bread":51,"minecraft:air":0,"minecraft:charcoal":6,"minecraft:purple_dye":23,"minecraft:stick":48,"minecraft:stone_pickaxe":1,"minecraft:stone_sword":1,"minecraft:torch":32,"minecraft:stone_hoe":1,"minecraft:wheat":153},"minecraft:picked_up":{"biomesoplenty:lavender":23,"minecraft:birch_log":34,"minecraft:crafting_table":5,"minecraft:cooked_beef":1,"minecraft:leather":6,"minecraft:wooden_pickaxe":1,"minecraft:oak_log":15,"minecraft:yellow_bed":3,"minecraft:dirt":115,"minecraft:string":4,"minecraft:wheat_seeds":21,"minecraft:spruce_planks":40,"minecraft:white_tulip":1,"blue_skies:lunar_stonebrick":2,"minecraft:beef":19,"minecraft:stone_pickaxe":1,"minecraft:poppy":2,"minecraft:birch_sapling":19,"minecraft:furnace":1,"biomesoplenty:toadstool":2,"minecraft:stick":27,"minecraft:torch":1,"minecraft:dandelion":4,"minecraft:porkchop":9,"minecraft:spruce_sapling":5,"minecraft:spruce_log":13,"minecraft:stone_sword":1,"minecraft:stone_shovel":1,"minecraft:rotten_flesh":6,"minecraft:stone_axe":1,"minecraft:peony":2,"minecraft:hay_block":17,"minecraft:gold_ingot":7,"minecraft:oak_sapling":4,"minecraft:mutton":2,"minecraft:coal":2,"minecraft:white_wool":1,"minecraft:cobblestone":107,"minecraft:oxeye_daisy":1},"minecraft:custom":{"minecraft:interact_with_furnace":12,"minecraft:mob_kills":25,"minecraft:traded_with_villager":1,"minecraft:interact_with_crafting_table":11,"minecraft:open_barrel":1,"minecraft:leave_game":7,"minecraft:time_since_death":31939,"minecraft:sleep_in_bed":1,"minecraft:waystone_activated":1,"minecraft:time_since_rest":9791,"minecraft:sprint_one_cm":143806,"minecraft:damage_taken":1414,"minecraft:walk_one_cm":234797,"minecraft:drop":47,"minecraft:damage_dealt":3149,"minecraft:damage_dealt_absorbed":27,"minecraft:swim_one_cm":753,"minecraft:talked_to_villager":3,"minecraft:fly_one_cm":199516,"minecraft:player_kills":1,"minecraft:open_chest":3,"minecraft:crouch_one_cm":7362,"minecraft:play_time":137020,"minecraft:deaths":4,"minecraft:sneak_time":3159,"minecraft:walk_under_water_one_cm":715,"minecraft:jump":1021,"minecraft:walk_on_water_one_cm":120,"minecraft:total_world_time":137020,"minecraft:fall_one_cm":54099},"minecraft:dropped":{"minecraft:white_tulip":1,"minecraft:spyglass":1,"minecraft:wheat_seeds":20,"alexsmobs:animal_dictionary":1,"minecraft:birch_sapling":16,"minecraft:rotten_flesh":3,"minecraft:stick":15,"minecraft:oxeye_daisy":1,"minecraft:poppy":2,"minecraft:torch":12,"minecraft:dandelion":4}},"DataVersion":3465}