{"stats":{"minecraft:killed_by":{"minecraft:player":1,"minecraft:skeleton":1,"minecraft:zombie":1},"minecraft:broken":{"minecraft:golden_hoe":1,"minecraft:stone_sword":1,"minecraft:golden_pickaxe":1},"minecraft:picked_up":{"minecraft:crafting_table":9,"minecraft:chicken":1,"minecraft:wooden_pickaxe":1,"minecraft:potion":1,"minecraft:string":4,"minecraft:spruce_planks":40,"minecraft:beef":19,"minecraft:white_tulip":1,"minecraft:poppy":2,"minecraft:birch_sapling":22,"minecraft:furnace":1,"minecraft:stick":27,"minecraft:raw_iron":7,"minecraft:torch":1,"minecraft:porkchop":9,"minecraft:stone_sword":1,"minecraft:arrow":3,"minecraft:rotten_flesh":11,"minecraft:stone_shovel":1,"minecraft:peony":2,"minecraft:hay_block":17,"minecraft:gold_ingot":7,"minecraft:mutton":7,"minecraft:cobblestone":114,"minecraft:white_wool":4,"minecraft:oxeye_daisy":1,"biomesoplenty:lavender":23,"minecraft:birch_log":34,"minecraft:cooked_beef":1,"minecraft:leather":6,"minecraft:oak_log":15,"minecraft:yellow_bed":6,"minecraft:dirt":150,"minecraft:bone":5,"minecraft:wheat_seeds":21,"blue_skies:lunar_stonebrick":2,"minecraft:iron_ingot":5,"minecraft:stone_pickaxe":1,"minecraft:dark_oak_sign":3,"biomesoplenty:toadstool":2,"minecraft:dandelion":4,"minecraft:spruce_sapling":5,"minecraft:blast_furnace":9,"minecraft:spruce_log":13,"minecraft:cyan_bed":4,"minecraft:stone_axe":1,"minecraft:painting":2,"minecraft:baked_potato":1,"minecraft:oak_sapling":4,"minecraft:coal":88},"minecraft:dropped":{"minecraft:stone_hoe":1,"minecraft:bread":2,"minecraft:wheat_seeds":21,"minecraft:baked_potato":1,"minecraft:crafting_table":1,"minecraft:cobblestone":2,"minecraft:purple_dye":23,"minecraft:stick":15,"minecraft:oxeye_daisy":1,"minecraft:torch":12,"minecraft:potion":1,"minecraft:white_wool":4,"minecraft:dandelion":4,"minecraft:white_tulip":1,"minecraft:furnace":1,"minecraft:spyglass":1,"alexsmobs:animal_dictionary":1,"minecraft:dark_oak_sign":3,"minecraft:birch_sapling":19,"minecraft:rotten_flesh":8,"minecraft:poppy":2,"minecraft:yellow_bed":1,"minecraft:oak_sapling":4,"minecraft:arrow":3,"minecraft:wooden_pickaxe":1},"minecraft:killed":{"minecraft:spider":1,"minecraft:skeleton":2,"minecraft:chicken":1,"minecraft:husk":5,"minecraft:pig":5,"alexsmobs:skunk":1,"minecraft:sheep":4,"minecraft:zombie":11,"minecraft:cow":9},"minecraft:mined":{"biomesoplenty:bush":2,"minecraft:grass_block":28,"minecraft:spruce_leaves":1,"minecraft:oxeye_daisy":1,"minecraft:spawner":2,"minecraft:large_fern":1,"minecraft:hay_block":17,"minecraft:furnace":1,"biomesoplenty:toadstool":2,"minecraft:iron_ore":7,"minecraft:fire":2,"biomesoplenty:lavender":25,"treechop:chopped_log":11,"blue_skies:lunar_stonebrick":2,"minecraft:peony":1,"minecraft:stone":109,"minecraft:dandelion":5,"minecraft:crafting_table":9,"minecraft:blast_furnace":9,"minecraft:poppy":2,"minecraft:tall_grass":10,"minecraft:cyan_bed":4,"biomesoplenty:huge_clover_petal":1,"minecraft:wall_torch":1,"minecraft:birch_leaves":13,"biomesoplenty:maple_leaves":8,"minecraft:yellow_bed":5,"minecraft:grass":195,"biomesoplenty:clover":4,"minecraft:coal_ore":43,"minecraft:dirt":64,"minecraft:oak_leaves":5,"minecraft:fern":2},"minecraft:custom":{"minecraft:mob_kills":41,"minecraft:animals_bred":1,"minecraft:interact_with_crafting_table":19,"minecraft:open_barrel":1,"minecraft:leave_game":9,"minecraft:time_since_death":122726,"minecraft:climb_one_cm":2141,"minecraft:sprint_one_cm":222384,"minecraft:walk_one_cm":378851,"minecraft:damage_blocked_by_shield":450,"minecraft:drop":70,"minecraft:play_noteblock":21,"minecraft:damage_dealt_absorbed":27,"minecraft:talked_to_villager":3,"minecraft:play_time":227807,"minecraft:deaths":4,"minecraft:sneak_time":6938,"minecraft:walk_under_water_one_cm":803,"minecraft:jump":1769,"minecraft:interact_with_blast_furnace":2,"minecraft:walk_on_water_one_cm":255,"minecraft:total_world_time":227807,"minecraft:interact_with_furnace":12,"minecraft:traded_with_villager":1,"minecraft:tune_noteblock":15,"minecraft:sleep_in_bed":4,"minecraft:time_since_rest":56131,"minecraft:waystone_activated":1,"minecraft:damage_taken":2168,"minecraft:damage_dealt":7079,"minecraft:swim_one_cm":4847,"minecraft:fly_one_cm":601871,"minecraft:player_kills":1,"minecraft:open_chest":5,"minecraft:crouch_one_cm":18654,"minecraft:fall_one_cm":78767},"minecraft:used":{"minecraft:peony":1,"minecraft:stone_sword":144,"minecraft:stone_shovel":38,"minecraft:shield":13,"minecraft:iron_sword":9,"minecraft:stone_hoe":19,"minecraft:rotten_flesh":1,"minecraft:torch":1,"minecraft:dirt":95,"minecraft:spyglass":2,"blue_skies:lunar_stonebrick":2,"minecraft:birch_sapling":3,"minecraft:iron_helmet":1,"minecraft:iron_boots":1,"minecraft:furnace":2,"minecraft:cooked_beef":4,"minecraft:iron_leggings":1,"minecraft:stone_pickaxe":74,"minecraft:baked_potato":2,"minecraft:wooden_pickaxe":20,"minecraft:golden_hoe":189,"minecraft:crafting_table":12,"minecraft:blast_furnace":1,"minecraft:painting":2,"minecraft:bread":19,"minecraft:cyan_bed":2,"biomesoplenty:toadstool":2,"minecraft:golden_helmet":1,"minecraft:stone_axe":28,"minecraft:cobblestone":11,"minecraft:yellow_bed":4,"minecraft:golden_pickaxe":79},"minecraft:crafted":{"minecraft:oak_planks":60,"minecraft:stone_shovel":1,"minecraft:furnace":2,"minecraft:iron_boots":1,"minecraft:stone_pickaxe":1,"minecraft:stone_hoe":1,"minecraft:wheat":153,"minecraft:cooked_beef":13,"blue_skies:blue_journal":1,"minecraft:crafting_table":5,"minecraft:spruce_planks":52,"minecraft:wooden_pickaxe":1,"minecraft:iron_helmet":1,"minecraft:iron_sword":1,"minecraft:birch_planks":88,"minecraft:stone_axe":1,"minecraft:bread":51,"minecraft:air":0,"minecraft:iron_chestplate":1,"minecraft:charcoal":6,"minecraft:purple_dye":23,"minecraft:shield":1,"minecraft:stick":48,"minecraft:iron_ingot":2,"minecraft:stone_sword":1,"minecraft:iron_leggings":1,"minecraft:torch":32}},"DataVersion":3465}