{"stats":{"minecraft:used":{"minecraft:wooden_pickaxe":7,"minecraft:spyglass":35},"minecraft:dropped":{"minecraft:spyglass":1,"minecraft:wheat_seeds":2,"alexsmobs:animal_dictionary":1,"minecraft:birch_sapling":2,"minecraft:birch_log":1},"minecraft:crafted":{"minecraft:spruce_planks":20,"minecraft:wooden_pickaxe":1,"minecraft:birch_planks":4},"minecraft:killed_by":{"minecraft:player":1,"minecraft:zombie":3},"minecraft:custom":{"minecraft:time_since_rest":7645,"minecraft:sprint_one_cm":28260,"minecraft:damage_taken":1030,"minecraft:walk_one_cm":56568,"minecraft:mob_kills":1,"minecraft:drop":7,"minecraft:damage_dealt":221,"minecraft:damage_dealt_absorbed":55,"minecraft:interact_with_crafting_table":1,"minecraft:fly_one_cm":566022,"minecraft:player_kills":1,"minecraft:play_time":153532,"minecraft:deaths":4,"minecraft:sneak_time":646,"minecraft:walk_under_water_one_cm":401,"minecraft:jump":271,"minecraft:leave_game":14,"minecraft:walk_on_water_one_cm":858,"minecraft:time_since_death":7616,"minecraft:total_world_time":153532,"minecraft:fall_one_cm":7701},"minecraft:picked_up":{"minecraft:birch_log":3,"minecraft:stick":14,"minecraft:torch":28,"minecraft:stone_slab":2,"minecraft:wooden_pickaxe":1,"minecraft:spruce_log":5,"minecraft:dirt":2,"minecraft:rotten_flesh":1,"minecraft:wheat_seeds":2,"minecraft:birch_sapling":3,"minecraft:cobblestone":1},"minecraft:mined":{"minecraft:birch_log":1,"minecraft:birch_leaves":13,"treechop:chopped_log":1,"minecraft:grass":5,"minecraft:stone_slab":1,"minecraft:tall_grass":3,"minecraft:stone":1}},"DataVersion":3465}